<?xml version="1.0" encoding="UTF-8"?>
<root>
  <item name="com.sabiantools.controls.SabianBadger void setBadgeType(int) 0">
    <annotation name="androidx.annotation.IntDef">
      <val name="value" val="{com.sabiantools.controls.SabianBadger.TYPE_NUMBER, com.sabiantools.controls.SabianBadger.TYPE_ONLY_ONE_TEXT, com.sabiantools.controls.SabianBadger.TYPE_WITH_TWO_TEXT, com.sabiantools.controls.SabianBadger.TYPE_WITH_TWO_TEXT_COMPLEMENTARY}" />
    </annotation>
  </item>
  <item name="com.sabiantools.controls.SabianBadger.BadgeType">
    <annotation name="androidx.annotation.IntDef">
      <val name="value" val="{com.sabiantools.controls.SabianBadger.TYPE_NUMBER, com.sabiantools.controls.SabianBadger.TYPE_ONLY_ONE_TEXT, com.sabiantools.controls.SabianBadger.TYPE_WITH_TWO_TEXT, com.sabiantools.controls.SabianBadger.TYPE_WITH_TWO_TEXT_COMPLEMENTARY}" />
    </annotation>
  </item>
  <item name="com.sabiantools.controls.SabianBadger.Builder com.sabiantools.controls.SabianBadger.Builder type(int) 0">
    <annotation name="androidx.annotation.IntDef">
      <val name="value" val="{com.sabiantools.controls.SabianBadger.TYPE_NUMBER, com.sabiantools.controls.SabianBadger.TYPE_ONLY_ONE_TEXT, com.sabiantools.controls.SabianBadger.TYPE_WITH_TWO_TEXT, com.sabiantools.controls.SabianBadger.TYPE_WITH_TWO_TEXT_COMPLEMENTARY}" />
    </annotation>
  </item>
</root>

